iso,year,cumulative_conflict,armed_conflict,earthquake,drought,infant_mortality,maternal_mortality,neonatal_mortality,under5_mortality
AFG,2000,5065,1,0,1,90.5,1450,60.9,129.2
AFG,2001,5394,1,1,0,87.9,1390,59.7,125.2
AFG,2001,5394,1,1,0,87.9,1390,59.7,125.2
AFG,2002,5553,1,1,0,85.3,1300,58.5,121.1
AFG,2002,5553,1,1,0,85.3,1300,58.5,121.1
AFG,2002,5553,1,1,0,85.3,1300,58.5,121.1
AFG,2003,1157,1,1,0,82.7,1240,57.2,116.9
AFG,2004,944,1,1,0,80,1180,55.9,112.6
AFG,2005,817,1,1,0,77.3,1140,54.6,108.4
AFG,2005,817,1,1,0,77.3,1140,54.6,108.4
AFG,2006,1711,1,0,1,74.6,1120,53.2,104.1
AFG,2006,1711,1,1,0,74.6,1120,53.2,104.1
AFG,2008,7020,1,0,1,69.2,1030,50.3,95.7
AFG,2009,5660,1,1,0,66.7,993,48.9,91.7
AFG,2010,6499,1,1,0,64.2,954,47.4,87.8
AFG,2011,7151,1,0,1,61.8,905,46,84
AFG,2012,7563,1,1,0,59.5,858,44.6,80.3
AFG,2013,7824,1,1,0,57.3,810,43.2,76.9
AFG,2015,12549,1,1,0,53.2,701,40.5,70.4
AFG,2015,12549,1,1,0,53.2,701,40.5,70.4
AFG,2018,19776,1,0,1,47.9,NA,37.2,62.3
AGO,2001,1206,1,0,1,118.2,766,49.2,198.4
AGO,2004,84,1,0,1,105.7,574,45.1,175.1
AGO,2012,1,0,0,1,67.4,281,33.8,105.1
AGO,2017,26,1,0,1,53.5,241,29.2,80.6
ALB,2009,0,0,1,0,12.9,20,7.4,14.5
ALB,2019,0,0,1,0,8.6,NA,7.5,9.7
ALB,2019,0,0,1,0,8.6,NA,7.5,9.7
ALB,2019,0,0,1,0,8.6,NA,7.5,9.7
ARG,2002,0,0,1,0,16.4,65,10.8,18.3
ARG,2003,0,0,0,1,15.8,65,10.3,17.7
ARG,2009,0,0,0,1,13.3,56,7.8,14.9
ARG,2018,0,0,0,1,8.6,NA,6,9.7
ARG,2019,0,0,0,1,8.1,NA,5.3,9.1
ARM,2000,0,0,0,1,27,43,16.1,30.6
AUS,2002,0,0,0,1,5,6,3.4,6
AUS,2006,0,0,0,1,4.7,5,3.1,5.6
AUS,2018,0,0,0,1,3.2,NA,2.3,3.7
AZE,2000,18,0,1,0,60.9,47,34.3,74.4
AZE,2000,18,0,0,1,60.9,47,34.3,74.4
AZE,2012,21,0,1,0,28.5,29,17.3,32.5
AZE,2012,21,0,1,0,28.5,29,17.3,32.5
BDI,2003,1576,1,0,1,85.7,890,34.8,138.1
BDI,2004,1245,1,1,0,82.3,844,34.1,131.9
BDI,2005,679,1,0,1,78.4,814,33.2,124.9
BDI,2008,79,1,0,1,66.5,733,30.2,103.6
BDI,2009,220,1,0,1,62.9,698,29.2,97.1
BDI,2010,0,0,0,1,59.4,665,28.2,91
BFA,2001,0,0,0,1,89.3,501,39.9,174.9
BFA,2011,0,0,0,1,66.3,377,30.5,116.9
BFA,2014,0,0,0,1,61.2,353,28.8,104.5
BGD,2000,14,0,1,0,63.1,434,44,86
BGD,2003,6,0,1,0,54.3,395,38.8,72.3
BGD,2004,8,0,1,0,51.8,372,37.3,68.3
BGD,2009,13,0,0,1,40.7,269,30.6,51.8
BGD,2015,2,0,1,0,31,200,23.6,38.1
BGD,2016,10,0,1,0,29.6,186,22.4,36.1
BGR,2000,0,0,0,1,14.4,19,7.9,17.5
BGR,2006,0,0,1,0,10.3,14,5.6,12.4
BGR,2012,0,0,1,0,8.2,11,4.8,9.8
BIH,2000,0,0,0,1,8.7,17,6.9,9.9
BIH,2003,0,0,0,1,8.1,14,5.9,9.2
BOL,2000,0,0,0,1,55.9,331,29.6,75.6
BOL,2004,0,0,0,1,45.4,283,26.8,59.6
BOL,2008,0,0,0,1,36.7,234,23.7,46.9
BOL,2010,0,0,0,1,33,212,21.8,41.6
BOL,2013,0,0,0,1,28,184,18.7,34.9
BOL,2014,0,0,0,1,26.6,175,17.6,33
BOL,2016,0,0,0,1,24.3,161,15.9,29.9
BRA,2001,46,1,0,1,28.5,68,17.6,32.5
BRA,2002,74,1,0,1,26.8,69,16.7,30.4
BRA,2004,43,1,0,1,23.5,71,15,26.5
BRA,2005,86,1,0,1,22,71,14.2,24.8
BRA,2007,22,0,1,0,19.5,71,12.8,21.8
BRA,2007,22,0,0,1,19.5,71,12.8,21.8
BRA,2010,40,1,0,1,16.7,65,11.1,18.6
BRA,2012,34,1,0,1,15.4,60,10.3,17.2
BRA,2014,4,0,0,1,14.6,62,9.7,16.3
BRB,2007,0,0,1,0,14.2,40,10.1,15.4
BRB,2010,0,0,0,1,13.8,36,10,15
BTN,2009,0,0,1,0,36,255,23.4,44.9
BTN,2011,0,0,1,0,32.4,239,21.6,40
BWA,2015,0,0,0,1,39.6,156,23.3,49.7
BWA,2019,0,0,0,1,36.9,NA,22.3,45.9
CHL,2005,0,0,1,0,7.7,25,5.4,9.1
CHL,2007,0,0,1,0,7.6,23,5.4,8.9
CHL,2007,0,0,1,0,7.6,23,5.4,8.9
CHL,2010,0,0,1,0,7.4,20,5.3,8.7
CHL,2012,0,0,1,0,7.2,17,5.3,8.4
CHL,2014,0,0,1,0,6.9,15,5.2,8.1
CHL,2015,0,0,1,0,6.7,14,5.1,7.9
CHL,2019,0,0,1,0,6,NA,4.5,7
CHN,2000,0,0,0,1,29.9,59,21.4,36.7
CHN,2000,0,0,1,0,29.9,59,21.4,36.7
CHN,2000,0,0,1,0,29.9,59,21.4,36.7
CHN,2000,0,0,1,0,29.9,59,21.4,36.7
CHN,2000,0,0,1,0,29.9,59,21.4,36.7
CHN,2000,0,0,1,0,29.9,59,21.4,36.7
CHN,2000,0,0,0,1,29.9,59,21.4,36.7
CHN,2000,0,0,0,1,29.9,59,21.4,36.7
CHN,2001,0,0,0,1,27.8,55,19.9,34.1
CHN,2001,0,0,0,1,27.8,55,19.9,34.1
CHN,2001,0,0,1,0,27.8,55,19.9,34.1
CHN,2001,0,0,1,0,27.8,55,19.9,34.1
CHN,2001,0,0,1,0,27.8,55,19.9,34.1
CHN,2001,0,0,1,0,27.8,55,19.9,34.1
CHN,2001,0,0,1,0,27.8,55,19.9,34.1
CHN,2002,0,0,0,1,25.6,51,18.4,31.5
CHN,2002,0,0,1,0,25.6,51,18.4,31.5
CHN,2002,0,0,0,1,25.6,51,18.4,31.5
CHN,2002,0,0,0,1,25.6,51,18.4,31.5
CHN,2002,0,0,1,0,25.6,51,18.4,31.5
CHN,2003,0,0,1,0,23.4,48,16.9,28.8
CHN,2003,0,0,1,0,23.4,48,16.9,28.8
CHN,2003,0,0,1,0,23.4,48,16.9,28.8
CHN,2003,0,0,1,0,23.4,48,16.9,28.8
CHN,2003,0,0,1,0,23.4,48,16.9,28.8
CHN,2003,0,0,0,1,23.4,48,16.9,28.8
CHN,2003,0,0,1,0,23.4,48,16.9,28.8
CHN,2003,0,0,1,0,23.4,48,16.9,28.8
CHN,2003,0,0,1,0,23.4,48,16.9,28.8
CHN,2003,0,0,1,0,23.4,48,16.9,28.8
CHN,2003,0,0,1,0,23.4,48,16.9,28.8
CHN,2003,0,0,1,0,23.4,48,16.9,28.8
CHN,2003,0,0,0,1,23.4,48,16.9,28.8
CHN,2004,0,0,1,0,21.4,46,15.3,26.3
CHN,2004,0,0,1,0,21.4,46,15.3,26.3
CHN,2004,0,0,1,0,21.4,46,15.3,26.3
CHN,2004,0,0,1,0,21.4,46,15.3,26.3
CHN,2004,0,0,1,0,21.4,46,15.3,26.3
CHN,2005,0,0,0,1,19.4,44,13.9,24
CHN,2005,0,0,1,0,19.4,44,13.9,24
CHN,2005,0,0,0,1,19.4,44,13.9,24
CHN,2005,0,0,1,0,19.4,44,13.9,24
CHN,2006,12,0,1,0,17.7,42,12.5,21.9
CHN,2006,12,0,1,0,17.7,42,12.5,21.9
CHN,2006,12,0,1,0,17.7,42,12.5,21.9
CHN,2006,12,0,0,1,17.7,42,12.5,21.9
CHN,2006,12,0,1,0,17.7,42,12.5,21.9
CHN,2006,12,0,1,0,17.7,42,12.5,21.9
CHN,2006,12,0,1,0,17.7,42,12.5,21.9
CHN,2007,0,0,1,0,16.2,40,11.3,20.1
CHN,2008,0,0,1,0,14.8,40,10.2,18.5
CHN,2008,0,0,1,0,14.8,40,10.2,18.5
CHN,2008,0,0,0,1,14.8,40,10.2,18.5
CHN,2008,0,0,1,0,14.8,40,10.2,18.5
CHN,2008,0,0,1,0,14.8,40,10.2,18.5
CHN,2008,0,0,1,0,14.8,40,10.2,18.5
CHN,2008,0,0,1,0,14.8,40,10.2,18.5
CHN,2008,0,0,1,0,14.8,40,10.2,18.5
CHN,2009,87,1,0,1,13.6,37,9.2,17
CHN,2009,87,1,1,0,13.6,37,9.2,17
CHN,2009,87,1,1,0,13.6,37,9.2,17
CHN,2009,87,1,0,1,13.6,37,9.2,17
CHN,2010,189,1,1,0,12.5,36,8.4,15.8
CHN,2010,189,1,1,0,12.5,36,8.4,15.8
CHN,2010,189,1,1,0,12.5,36,8.4,15.8
CHN,2010,189,1,1,0,12.5,36,8.4,15.8
CHN,2010,189,1,0,1,12.5,36,8.4,15.8
CHN,2010,189,1,1,0,12.5,36,8.4,15.8
CHN,2011,0,0,1,0,11.5,34,7.6,14.6
CHN,2011,0,0,1,0,11.5,34,7.6,14.6
CHN,2011,0,0,1,0,11.5,34,7.6,14.6
CHN,2011,0,0,1,0,11.5,34,7.6,14.6
CHN,2011,0,0,1,0,11.5,34,7.6,14.6
CHN,2011,0,0,1,0,11.5,34,7.6,14.6
CHN,2011,0,0,1,0,11.5,34,7.6,14.6
CHN,2012,0,0,1,0,10.6,33,7,13.5
CHN,2012,0,0,1,0,10.6,33,7,13.5
CHN,2012,0,0,1,0,10.6,33,7,13.5
CHN,2012,0,0,1,0,10.6,33,7,13.5
CHN,2012,0,0,1,0,10.6,33,7,13.5
CHN,2012,0,0,1,0,10.6,33,7,13.5
CHN,2013,0,0,1,0,9.8,32,6.4,12.5
CHN,2013,0,0,1,0,9.8,32,6.4,12.5
CHN,2013,0,0,1,0,9.8,32,6.4,12.5
CHN,2013,0,0,1,0,9.8,32,6.4,12.5
CHN,2013,0,0,1,0,9.8,32,6.4,12.5
CHN,2013,0,0,1,0,9.8,32,6.4,12.5
CHN,2013,0,0,0,1,9.8,32,6.4,12.5
CHN,2013,0,0,1,0,9.8,32,6.4,12.5
CHN,2013,0,0,1,0,9.8,32,6.4,12.5
CHN,2014,0,0,0,1,9,31,5.8,11.6
CHN,2014,0,0,1,0,9,31,5.8,11.6
CHN,2014,0,0,1,0,9,31,5.8,11.6
CHN,2014,0,0,1,0,9,31,5.8,11.6
CHN,2014,0,0,1,0,9,31,5.8,11.6
CHN,2014,0,0,1,0,9,31,5.8,11.6
CHN,2014,0,0,1,0,9,31,5.8,11.6
CHN,2014,0,0,0,1,9,31,5.8,11.6
CHN,2014,0,0,1,0,9,31,5.8,11.6
CHN,2014,0,0,1,0,9,31,5.8,11.6
CHN,2015,0,0,1,0,8.3,30,5.3,10.7
CHN,2015,0,0,1,0,8.3,30,5.3,10.7
CHN,2015,0,0,1,0,8.3,30,5.3,10.7
CHN,2015,0,0,1,0,8.3,30,5.3,10.7
CHN,2015,0,0,0,1,8.3,30,5.3,10.7
CHN,2015,0,0,1,0,8.3,30,5.3,10.7
CHN,2016,5,0,1,0,7.6,29,4.9,9.9
CHN,2016,5,0,1,0,7.6,29,4.9,9.9
CHN,2016,5,0,0,1,7.6,29,4.9,9.9
CHN,2016,5,0,1,0,7.6,29,4.9,9.9
CHN,2017,0,0,1,0,7,29,4.5,9.2
CHN,2017,0,0,0,1,7,29,4.5,9.2
CHN,2017,0,0,1,0,7,29,4.5,9.2
CHN,2017,0,0,1,0,7,29,4.5,9.2
CHN,2017,0,0,1,0,7,29,4.5,9.2
CHN,2018,6,0,1,0,6.4,NA,4.1,8.5
CHN,2018,6,0,1,0,6.4,NA,4.1,8.5
CHN,2019,0,0,1,0,5.9,NA,3.7,7.9
CHN,2019,0,0,1,0,5.9,NA,3.7,7.9
CHN,2019,0,0,1,0,5.9,NA,3.7,7.9
CMR,2001,2,0,0,1,85.8,844,34.8,140.9
CMR,2005,0,0,0,1,78.1,692,33.2,127.5
CMR,2012,0,0,0,1,64.2,580,30.9,101.3
COD,2005,795,1,1,0,95.2,627,36,136.1
COD,2008,879,1,1,0,88.1,565,33.8,122.3
COD,2015,1622,1,1,0,73,490,29.5,95.9
COL,2000,2093,1,1,0,21.2,94,13.5,25.1
COL,2004,1183,1,1,0,18.9,85,12,22.1
COL,2004,1183,1,1,0,18.9,85,12,22.1
COL,2007,588,1,1,0,17.2,83,11,20.2
COL,2008,362,1,1,0,16.7,84,10.6,19.5
COL,2013,227,1,1,0,14.3,85,9,16.6
COL,2015,156,1,0,1,13.4,85,8.4,15.5
COL,2015,156,1,1,0,13.4,85,8.4,15.5
COM,2014,0,0,1,0,55.8,293,33.6,74.7
CPV,2002,0,0,0,1,26.3,101,16,31.6
CPV,2017,0,0,0,1,14.5,58,10.2,16.8
CRI,2003,0,0,1,0,10,37,7.2,11.8
CRI,2004,0,0,1,0,9.9,36,7.1,11.5
CRI,2009,0,0,1,0,9.3,29,6.7,10.7
CRI,2012,0,0,1,0,8.6,29,6.5,9.9
CRI,2014,0,0,0,1,7.9,29,6.3,9.3
CRI,2018,0,0,0,1,7.4,NA,5.9,8.4
CUB,2000,0,0,0,1,7,46,4.3,8.8
CUB,2004,0,0,0,1,6.1,40,3.6,7.6
CUB,2015,0,0,0,1,4.5,38,2.4,5.7
CYP,2000,0,0,0,1,5.6,14,3.7,6.5
DEU,2004,0,0,1,0,4,6,2.6,4.9
DJI,2005,0,0,0,1,71.2,393,40.9,88.7
DJI,2007,0,0,0,1,67.6,335,39.7,83.6
DJI,2008,0,0,0,1,65.9,320,39,81.2
DJI,2010,0,0,0,1,62.5,283,37.6,76.6
DMA,2004,0,0,1,0,16.1,NA,14.9,19
DOM,2003,0,0,1,0,30.6,76,23.1,37.4
DZA,2003,1058,1,1,0,31.3,145,20.8,36.5
DZA,2003,1058,1,1,0,31.3,145,20.8,36.5
DZA,2004,714,1,1,0,30.1,134,20.4,35.1
DZA,2004,714,1,1,0,30.1,134,20.4,35.1
DZA,2006,232,1,1,0,27.6,122,19.8,32.1
DZA,2014,222,1,1,0,21.9,114,15.7,25.5
ECU,2009,25,1,0,1,17,80,9.3,19.9
ECU,2013,0,0,0,1,14.3,67,7.8,16.6
ECU,2014,0,0,1,0,13.7,65,7.5,15.9
ECU,2016,0,0,1,0,12.8,61,7.1,14.8
ECU,2016,0,0,1,0,12.8,61,7.1,14.8
ECU,2019,0,0,1,0,11.6,NA,6.8,13.4
ECU,2019,0,0,1,0,11.6,NA,6.8,13.4
EGY,2002,0,0,1,0,33.5,60,21,41.5
ERI,2008,0,0,0,1,41.5,605,23.2,59.4
ESP,2011,0,0,1,0,3,4,2.1,3.7
ETH,2003,809,1,0,1,76.7,972,45.8,121.8
ETH,2005,475,1,0,1,69.5,865,43.7,108.9
ETH,2008,500,1,0,1,59.8,681,40.2,91.6
ETH,2009,311,1,0,1,57,638,39.1,86.7
ETH,2010,590,1,0,1,54.3,597,37.9,82
ETH,2011,152,1,0,1,51.9,558,36.7,77.7
ETH,2015,39,1,0,1,43.2,446,31.9,62.4
FJI,2015,0,0,0,1,20.6,35,9.8,24.4
FRA,2019,13,0,1,0,3.4,NA,2.6,4.3
FSM,2016,0,0,0,1,23.5,90,14.7,28
GBR,2007,0,0,1,0,4.9,11,3.3,5.8
GEO,2000,0,0,0,1,31.9,31,22.8,36.6
GEO,2002,0,0,1,0,27.7,42,20.3,31.5
GEO,2009,621,1,1,0,13.9,43,11,15.6
GMB,2002,0,0,0,1,58.1,876,39.1,104.2
GMB,2012,0,0,0,1,43.2,650,31.7,67.7
GMB,2015,0,0,0,1,39.7,625,29.4,59.8
GNB,2002,0,0,0,1,99.1,1150,53.3,162.8
GNB,2006,0,0,0,1,85.9,912,49.8,138.3
GRC,2000,0,0,1,0,5.6,3,3.9,6.4
GRC,2001,0,0,1,0,5.2,3,3.6,6
GRC,2002,0,0,1,0,4.9,3,3.3,5.6
GRC,2003,0,0,1,0,4.6,3,3,5.2
GRC,2008,0,0,1,0,3.5,3,2.1,4
GRC,2014,0,0,1,0,3.7,3,2.6,4.3
GRC,2014,0,0,1,0,3.7,3,2.6,4.3
GRC,2017,0,0,1,0,3.8,3,2.6,4.3
GRC,2017,0,0,1,0,3.8,3,2.6,4.3
GRD,2010,0,0,0,1,13,29,8.9,15.1
GTM,2001,0,0,1,0,39.5,147,20.7,50.1
GTM,2001,0,0,0,1,39.5,147,20.7,50.1
GTM,2009,41,1,0,1,29.7,131,16.8,36.3
GTM,2011,0,0,1,0,27.6,122,15.6,33.4
GTM,2012,27,1,0,1,26.5,118,15,32
GTM,2012,27,1,1,0,26.5,118,15,32
GTM,2013,0,0,1,0,25.6,113,14.4,30.7
GTM,2014,0,0,1,0,24.6,107,13.9,29.5
GTM,2014,0,0,0,1,24.6,107,13.9,29.5
GTM,2017,0,0,1,0,22.2,95,12.4,26.4
GTM,2018,0,0,0,1,21.4,NA,12,25.4
GUY,2010,0,0,0,1,30.6,179,22.8,37.4
HND,2000,9,0,0,1,30.3,85,17.7,37
HND,2001,6,0,0,1,29,83,17.1,35.3
HND,2002,0,0,0,1,27.8,80,16.6,33.7
HND,2004,47,1,0,1,25.5,77,15.6,30.6
HND,2007,0,0,1,0,22.4,77,14.2,26.7
HND,2009,18,0,0,1,20.6,75,13.2,24.4
HND,2009,18,0,1,0,20.6,75,13.2,24.4
HND,2012,18,0,0,1,18.4,70,11.7,21.5
HND,2014,0,0,0,1,17.1,68,10.9,20
HND,2018,0,0,0,1,14.9,NA,9.4,17.4
HRV,2003,0,0,0,1,6.3,10,4.7,7.3
HTI,2003,0,0,0,1,68.4,446,29.3,94.4
HTI,2010,0,0,1,0,102.6,506,30.6,203.6
HTI,2014,0,0,0,1,54.1,492,27.5,71.9
HTI,2016,0,0,0,1,51.5,489,26.6,67.9
HTI,2018,8,0,1,0,49,NA,25.7,64.1
HUN,2003,0,0,0,1,7.1,15,4.8,8.4
HUN,2013,0,0,1,0,4.7,12,3,5.6
IDN,2000,1805,1,1,0,41,272,22.8,52.2
IDN,2000,1805,1,1,0,41,272,22.8,52.2
IDN,2000,1805,1,1,0,41,272,22.8,52.2
IDN,2000,1805,1,1,0,41,272,22.8,52.2
IDN,2000,1805,1,1,0,41,272,22.8,52.2
IDN,2001,917,1,1,0,39.4,269,22.1,49.8
IDN,2001,917,1,1,0,39.4,269,22.1,49.8
IDN,2002,834,1,1,0,37.8,265,21.4,47.6
IDN,2002,834,1,1,0,37.8,265,21.4,47.6
IDN,2002,834,1,1,0,37.8,265,21.4,47.6
IDN,2002,834,1,1,0,37.8,265,21.4,47.6
IDN,2003,762,1,1,0,36.4,261,20.9,45.5
IDN,2003,762,1,1,0,36.4,261,20.9,45.5
IDN,2003,762,1,0,1,36.4,261,20.9,45.5
IDN,2003,762,1,1,0,36.4,261,20.9,45.5
IDN,2004,1068,1,1,0,37.1,264,20.5,49.6
IDN,2004,1068,1,1,0,37.1,264,20.5,49.6
IDN,2004,1068,1,1,0,37.1,264,20.5,49.6
IDN,2004,1068,1,1,0,37.1,264,20.5,49.6
IDN,2004,1068,1,1,0,37.1,264,20.5,49.6
IDN,2004,1068,1,1,0,37.1,264,20.5,49.6
IDN,2005,1082,1,1,0,33.6,252,19.9,41.7
IDN,2005,1082,1,1,0,33.6,252,19.9,41.7
IDN,2006,242,1,1,0,32.4,249,19.5,39.9
IDN,2006,242,1,1,0,32.4,249,19.5,39.9
IDN,2006,242,1,1,0,32.4,249,19.5,39.9
IDN,2006,242,1,1,0,32.4,249,19.5,39.9
IDN,2006,242,1,1,0,32.4,249,19.5,39.9
IDN,2007,13,0,1,0,31.2,243,19.1,38.3
IDN,2007,13,0,1,0,31.2,243,19.1,38.3
IDN,2007,13,0,1,0,31.2,243,19.1,38.3
IDN,2007,13,0,1,0,31.2,243,19.1,38.3
IDN,2008,2,0,1,0,30,239,18.7,36.7
IDN,2008,2,0,1,0,30,239,18.7,36.7
IDN,2008,2,0,1,0,30,239,18.7,36.7
IDN,2009,6,0,1,0,29,234,18.1,35.2
IDN,2009,6,0,1,0,29,234,18.1,35.2
IDN,2009,6,0,1,0,29,234,18.1,35.2
IDN,2009,6,0,1,0,29,234,18.1,35.2
IDN,2009,6,0,1,0,29,234,18.1,35.2
IDN,2010,0,0,1,0,27.9,228,17.5,33.8
IDN,2010,0,0,1,0,27.9,228,17.5,33.8
IDN,2011,0,0,1,0,26.9,221,16.8,32.5
IDN,2011,0,0,1,0,26.9,221,16.8,32.5
IDN,2012,9,0,1,0,25.9,214,16.1,31.2
IDN,2012,9,0,1,0,25.9,214,16.1,31.2
IDN,2013,1,0,1,0,25,207,15.4,30
IDN,2013,1,0,1,0,25,207,15.4,30
IDN,2013,1,0,1,0,25,207,15.4,30
IDN,2015,12,0,0,1,23.2,192,14.2,27.7
IDN,2015,12,0,1,0,23.2,192,14.2,27.7
IDN,2016,4,0,1,0,22.4,184,13.6,26.6
IDN,2016,4,0,1,0,22.4,184,13.6,26.6
IDN,2016,4,0,1,0,22.4,184,13.6,26.6
IDN,2017,0,0,1,0,21.6,177,13.1,25.6
IDN,2018,2,0,1,0,20.8,NA,12.6,24.6
IDN,2018,2,0,1,0,20.8,NA,12.6,24.6
IDN,2018,2,0,1,0,20.8,NA,12.6,24.6
IDN,2018,2,0,1,0,20.8,NA,12.6,24.6
IDN,2018,2,0,1,0,20.8,NA,12.6,24.6
IDN,2019,32,1,1,0,20.2,NA,12.2,23.8
IDN,2019,32,1,1,0,20.2,NA,12.2,23.8
IDN,2019,32,1,1,0,20.2,NA,12.2,23.8
IDN,2019,32,1,1,0,20.2,NA,12.2,23.8
IDN,2019,32,1,1,0,20.2,NA,12.2,23.8
IND,2000,2563,1,0,1,66.7,370,44.7,91.7
IND,2001,4093,1,1,0,64.4,354,43.3,88.1
IND,2002,1730,1,0,1,62.1,336,41.9,84.5
IND,2002,1730,1,1,0,62.1,336,41.9,84.5
IND,2004,2426,1,1,0,57.8,303,39.1,77.8
IND,2005,1642,1,1,0,55.7,286,37.9,74.4
IND,2009,1856,1,0,1,47.2,225,33.1,61.4
IND,2011,1633,1,1,0,43,197,30.6,55
IND,2013,801,1,1,0,38.8,175,28.2,49
IND,2015,734,1,1,0,34.9,158,25.9,43.5
IND,2015,734,1,1,0,34.9,158,25.9,43.5
IND,2015,734,1,1,0,34.9,158,25.9,43.5
IND,2015,734,1,0,1,34.9,158,25.9,43.5
IND,2016,622,1,1,0,33.1,150,24.8,41
IND,2018,847,1,0,1,29.8,NA,22.7,36.3
IRN,2000,19,0,1,0,29.7,48,19.5,36.2
IRN,2000,19,0,1,0,29.7,48,19.5,36.2
IRN,2001,41,1,1,0,28.2,44,18.8,34.2
IRN,2002,112,1,1,0,26.7,41,18.1,32.2
IRN,2002,112,1,1,0,26.7,41,18.1,32.2
IRN,2002,112,1,1,0,26.7,41,18.1,32.2
IRN,2002,112,1,1,0,26.7,41,18.1,32.2
IRN,2002,112,1,1,0,26.7,41,18.1,32.2
IRN,2003,0,0,1,0,25.1,39,17.4,30.2
IRN,2003,0,0,1,0,25.1,39,17.4,30.2
IRN,2003,0,0,1,0,25.1,39,17.4,30.2
IRN,2003,0,0,1,0,25.1,39,17.4,30.2
IRN,2003,0,0,1,0,25.1,39,17.4,30.2
IRN,2004,2,0,1,0,23.6,36,16.7,28.2
IRN,2005,0,0,1,0,22.2,34,16,26.4
IRN,2005,0,0,1,0,22.2,34,16,26.4
IRN,2005,0,0,1,0,22.2,34,16,26.4
IRN,2005,0,0,1,0,22.2,34,16,26.4
IRN,2006,53,1,1,0,20.9,32,15.4,24.7
IRN,2006,53,1,1,0,20.9,32,15.4,24.7
IRN,2006,53,1,1,0,20.9,32,15.4,24.7
IRN,2008,86,1,1,0,18.5,28,14,21.7
IRN,2008,86,1,1,0,18.5,28,14,21.7
IRN,2009,117,1,1,0,17.4,25,13.3,20.4
IRN,2010,167,1,1,0,16.5,22,12.6,19.3
IRN,2010,167,1,1,0,16.5,22,12.6,19.3
IRN,2010,167,1,1,0,16.5,22,12.6,19.3
IRN,2010,167,1,1,0,16.5,22,12.6,19.3
IRN,2010,167,1,1,0,16.5,22,12.6,19.3
IRN,2010,167,1,1,0,16.5,22,12.6,19.3
IRN,2012,220,1,1,0,15,18,11.3,17.5
IRN,2012,220,1,1,0,15,18,11.3,17.5
IRN,2012,220,1,1,0,15,18,11.3,17.5
IRN,2013,17,0,1,0,14.4,17,10.8,16.8
IRN,2013,17,0,1,0,14.4,17,10.8,16.8
IRN,2013,17,0,1,0,14.4,17,10.8,16.8
IRN,2014,11,0,1,0,13.8,17,10.4,16.1
IRN,2014,11,0,1,0,13.8,17,10.4,16.1
IRN,2017,69,1,1,0,12.4,16,9.2,14.4
IRN,2017,69,1,1,0,12.4,16,9.2,14.4
IRN,2017,69,1,1,0,12.4,16,9.2,14.4
IRN,2018,58,1,1,0,11.9,NA,8.9,13.9
IRN,2018,58,1,1,0,11.9,NA,8.9,13.9
IRN,2018,58,1,1,0,11.9,NA,8.9,13.9
IRN,2019,92,1,1,0,11.5,NA,8.6,13.4
IRN,2019,92,1,1,0,11.5,NA,8.6,13.4
IRQ,2017,12025,1,1,0,23.4,79,15.9,27.9
ISL,2000,0,0,1,0,3.2,6,2.1,4.1
ISL,2000,0,0,1,0,3.2,6,2.1,4.1
ITA,2002,0,0,1,0,4.3,3,3.1,5
ITA,2002,0,0,1,0,4.3,3,3.1,5
ITA,2002,0,0,1,0,4.3,3,3.1,5
ITA,2002,0,0,0,1,4.3,3,3.1,5
ITA,2003,0,0,1,0,4.1,3,2.9,4.8
ITA,2009,0,0,1,0,3.4,2,2.5,4.1
ITA,2012,0,0,1,0,3.2,2,2.3,3.8
ITA,2012,0,0,1,0,3.2,2,2.3,3.8
ITA,2012,0,0,0,1,3.2,2,2.3,3.8
ITA,2016,0,0,1,0,2.9,2,2.1,3.4
ITA,2016,0,0,1,0,2.9,2,2.1,3.4
ITA,2016,0,0,1,0,2.9,2,2.1,3.4
ITA,2017,0,0,0,1,2.8,2,2,3.3
ITA,2017,0,0,1,0,2.8,2,2,3.3
ITA,2017,0,0,1,0,2.8,2,2,3.3
JAM,2000,0,0,0,1,18.9,77,17,22.2
JAM,2014,0,0,0,1,13.8,78,11.4,16
JOR,2000,0,0,0,1,22.5,70,16,26.8
JPN,2000,0,0,1,0,3.3,9,1.8,4.5
JPN,2000,0,0,1,0,3.3,9,1.8,4.5
JPN,2001,0,0,1,0,3.1,8,1.7,4.3
JPN,2003,0,0,1,0,2.9,7,1.6,4
JPN,2003,0,0,1,0,2.9,7,1.6,4
JPN,2003,0,0,1,0,2.9,7,1.6,4
JPN,2004,0,0,1,0,2.8,7,1.5,3.9
JPN,2005,0,0,1,0,2.8,7,1.4,3.7
JPN,2005,0,0,1,0,2.8,7,1.4,3.7
JPN,2007,0,0,1,0,2.6,6,1.3,3.5
JPN,2007,0,0,1,0,2.6,6,1.3,3.5
JPN,2007,0,0,1,0,2.6,6,1.3,3.5
JPN,2008,0,0,1,0,2.5,6,1.2,3.4
JPN,2008,0,0,1,0,2.5,6,1.2,3.4
JPN,2009,0,0,1,0,2.4,6,1.2,3.3
JPN,2011,0,0,1,0,2.3,6,1,3.2
JPN,2011,0,0,1,0,2.3,6,1,3.2
JPN,2013,0,0,1,0,2.1,5,1,2.9
JPN,2014,0,0,1,0,2.1,5,0.9,2.8
JPN,2016,0,0,1,0,2,5,0.9,2.7
JPN,2016,0,0,1,0,2,5,0.9,2.7
JPN,2016,0,0,1,0,2,5,0.9,2.7
JPN,2018,0,0,1,0,1.9,NA,0.9,2.6
JPN,2018,0,0,1,0,1.9,NA,0.9,2.6
JPN,2019,0,0,1,0,1.8,NA,0.9,2.5
KAZ,2003,0,0,1,0,30.8,49,21.8,35.2
KEN,2004,7,0,1,0,50.8,653,27.1,81
KEN,2004,7,0,0,1,50.8,653,27.1,81
KEN,2005,20,0,0,1,48,618,26.6,76.3
KEN,2008,200,1,0,1,41.4,513,25.1,63.5
KEN,2010,170,1,0,1,39.3,432,24.2,57.4
KEN,2011,87,1,0,1,38.5,398,23.9,55.5
KEN,2014,267,1,0,1,36.4,358,22.9,50.6
KEN,2016,389,1,0,1,34.4,346,22.2,47.2
KEN,2019,164,1,0,1,32,NA,21,43
KGZ,2006,0,0,1,0,32.7,85,19.5,37.5
KGZ,2008,0,0,1,0,29.6,81,18.5,33.7
KGZ,2008,0,0,1,0,29.6,81,18.5,33.7
KGZ,2009,0,0,0,1,27.8,80,17.7,31.6
KGZ,2011,44,1,1,0,24.5,79,16.3,27.7
KGZ,2015,0,0,1,0,19.9,66,14.6,22.3
KGZ,2017,0,0,1,0,18,60,13.4,20.1
KHM,2001,4,0,0,1,73.4,456,33.4,96.6
KHM,2002,0,0,0,1,67.3,430,31.5,86.7
KHM,2005,0,0,0,1,52.8,351,26.8,64.7
KHM,2016,0,0,0,1,26,168,15.6,30.3
KOR,2001,0,0,0,1,6.1,15,3.2,7.1
KOR,2016,0,0,1,0,2.9,11,1.6,3.4
KOR,2017,0,0,1,0,2.8,11,1.6,3.3
LAO,2019,0,0,0,1,36.5,NA,22.2,45.7
LCA,2007,0,0,1,0,16.4,87,12.4,18.8
LCA,2010,0,0,0,1,17.3,109,12.7,19.7
LKA,2001,2569,1,0,1,13.7,53,9.1,16
LKA,2004,33,1,1,0,17.7,48,7.6,28.9
LKA,2012,2,0,0,1,8.9,37,6.1,10.4
LKA,2014,5,0,0,1,7.9,36,5.5,9.3
LKA,2016,0,0,0,1,7.1,36,4.8,8.2
LKA,2019,0,0,0,1,6.2,NA,4.2,7.2
LSO,2002,0,0,0,1,71.2,653,40.1,110.7
LSO,2007,0,0,0,1,73.8,652,41.1,114.3
LSO,2011,0,0,0,1,69,585,42.4,93.9
LSO,2016,0,0,0,1,72.9,559,45.1,91.5
LSO,2019,0,0,0,1,71.4,NA,44.8,90.9
LTU,2006,0,0,0,1,6.9,14,4.1,8.6
LTU,2018,0,0,0,1,3.3,NA,2.2,4
MAR,2004,34,1,1,0,37.2,142,25.5,43.7
MDA,2000,0,0,0,1,26.2,44,20.4,31.5
MDA,2007,0,0,0,1,15.7,31,13,18.3
MDA,2012,0,0,0,1,14.2,22,12.2,16.5
MDG,2000,0,0,0,1,67.5,559,30.7,105.4
MDG,2002,0,0,0,1,62.5,547,29.2,96.5
MDG,2005,0,0,0,1,55.9,526,27.3,84.8
MDG,2008,0,0,0,1,50.3,491,25.5,74.8
MDG,2014,0,0,0,1,42.3,378,22.7,60.8
MDG,2016,0,0,0,1,40.3,348,21.9,57.2
MDG,2017,0,0,0,1,39.3,335,21.5,55.5
MDV,2004,0,0,1,0,21.4,89,13.6,26.9
MEX,2000,0,0,1,0,23.8,55,14.4,28.4
MEX,2002,0,0,0,1,21.9,56,12.4,26
MEX,2003,26,1,1,0,21,55,11.4,24.9
MEX,2010,3598,1,1,0,16.4,46,9,19.2
MEX,2011,3582,1,0,1,15.9,43,8.9,18.5
MEX,2011,3582,1,1,0,15.9,43,8.9,18.5
MEX,2012,2893,1,1,0,15.4,41,8.7,17.9
MEX,2014,776,1,1,0,14.4,38,8.3,16.8
MEX,2014,776,1,1,0,14.4,38,8.3,16.8
MEX,2017,1320,1,1,0,13,33,8.6,15.2
MEX,2017,1320,1,1,0,13,33,8.6,15.2
MEX,2018,1465,1,1,0,12.6,NA,8.7,14.6
MHL,2013,0,0,0,1,30.4,NA,17.2,37.2
MHL,2015,0,0,0,1,29.1,NA,16.5,35.4
MKD,2016,0,0,1,0,9.6,8,7.8,10.9
MLI,2001,0,0,0,1,98.8,797,49.3,181.1
MLI,2005,20,0,0,1,88.1,691,43.6,156.4
MLI,2006,12,0,0,1,85.7,675,42.6,150.8
MLI,2010,127,1,0,1,76.7,660,38.9,130.3
MLI,2011,28,1,0,1,74.6,663,38,125.6
MMR,2004,272,1,1,0,59.1,307,33.6,79.7
MMR,2011,185,1,1,0,47,259,27.8,61
MMR,2012,810,1,1,0,45.4,254,27.1,58.6
MMR,2016,705,1,1,0,39.7,245,24.6,50.3
MNG,2000,0,0,0,1,48.6,155,23.7,63.5
MOZ,2001,0,0,0,1,106.1,745,44.5,161
MOZ,2001,0,0,0,1,106.1,745,44.5,161
MOZ,2003,0,0,0,1,95.3,657,40.9,145
MOZ,2005,1,0,0,1,86.9,577,38.2,132
MOZ,2006,13,0,1,0,83.2,539,37.1,126.2
MOZ,2007,0,0,0,1,78,505,36.1,118.8
MOZ,2008,0,0,0,1,75.6,471,35.3,112.9
MOZ,2010,0,0,0,1,72.5,412,34,104.9
MOZ,2016,3,0,0,1,59.4,301,30.7,80.4
MRT,2001,0,0,0,1,68.9,835,42.1,112.1
MRT,2010,1,0,0,1,61.2,824,37.9,95.6
MRT,2011,1,0,0,1,60,822,37.2,93
MRT,2017,0,0,0,1,52.6,766,33.1,77.7
MRT,2018,0,0,0,1,51.5,NA,32.4,75.5
MWI,2002,0,0,0,1,84.6,714,34.8,145.5
MWI,2005,0,0,0,1,65,610,29.8,110.5
MWI,2007,0,0,0,1,59.6,526,28.9,99.9
MWI,2009,0,0,1,0,54.5,466,28.5,89.4
MWI,2009,0,0,1,0,54.5,466,28.5,89.4
MWI,2012,0,0,0,1,45.6,413,26,70.7
MWI,2015,0,0,0,1,36.7,370,22.7,53.3
MYS,2004,0,0,1,0,7.1,32,4,8.3
MYS,2014,70,1,0,1,6.8,30,4.1,8
MYS,2015,0,0,1,0,6.9,30,4.2,8.1
NAM,2001,66,1,0,1,44.2,352,22.6,75.3
NAM,2002,0,0,0,1,43.6,356,21.8,74.7
NAM,2013,0,0,0,1,35.8,231,21.7,49.1
NAM,2015,0,0,0,1,33.3,217,21.7,47.6
NAM,2018,0,0,0,1,31.7,NA,20.8,43.9
NER,2001,0,0,0,1,93.7,803,41.6,215.2
NER,2005,4,0,0,1,78.5,755,36.5,170.2
NER,2009,56,1,0,1,64.8,688,31.8,130.3
NER,2011,0,0,0,1,59.3,639,29.7,114.5
NER,2015,5,0,0,1,51.8,555,26.8,93.8
NER,2017,299,1,0,1,49.1,509,25.7,86.6
NIC,2000,0,0,1,0,31.4,162,16.8,38.5
NIC,2000,0,0,0,1,31.4,162,16.8,38.5
NIC,2001,0,0,0,1,29.9,157,16.4,36.5
NIC,2014,0,0,1,0,17.3,103,12.4,20.2
NIC,2014,0,0,0,1,17.3,103,12.4,20.2
NIC,2018,0,0,0,1,14.8,NA,10.3,17.3
NPL,2006,1399,1,0,1,43.8,386,31,56.3
NPL,2009,0,0,0,1,38.3,323,27.6,48.3
NPL,2011,0,0,1,0,35,285,25.4,43.6
NPL,2015,0,0,1,0,29.2,236,21.3,35.5
NPL,2015,0,0,1,0,29.2,236,21.3,35.5
NZL,2010,0,0,1,0,5.1,11,3.2,6.1
NZL,2011,0,0,1,0,5,10,3.3,6
NZL,2011,0,0,1,0,5,10,3.3,6
NZL,2013,0,0,0,1,4.8,9,3.3,5.8
NZL,2013,0,0,1,0,4.8,9,3.3,5.8
NZL,2016,0,0,1,0,4.4,10,3.1,5.4
PAK,2001,59,1,1,0,82.6,275,55.8,105
PAK,2002,42,1,1,0,80.9,264,54.9,102.4
PAK,2002,42,1,1,0,80.9,264,54.9,102.4
PAK,2002,42,1,1,0,80.9,264,54.9,102.4
PAK,2004,242,1,1,0,77.9,243,53.3,98.1
PAK,2005,430,1,1,0,76.6,237,52.6,96.3
PAK,2008,1366,1,1,0,72.8,205,50.9,90.9
PAK,2011,7226,1,1,0,68.6,180,49,85
PAK,2013,3541,1,1,0,65.4,166,47.1,80.6
PAK,2013,3541,1,1,0,65.4,166,47.1,80.6
PAK,2013,3541,1,1,0,65.4,166,47.1,80.6
PAK,2015,3620,1,1,0,62.1,154,45.2,76
PAK,2015,3620,1,1,0,62.1,154,45.2,76
PAK,2016,2450,1,1,0,60.5,143,44.3,73.8
PAK,2019,483,1,0,1,55.7,NA,41.4,67.3
PAK,2019,483,1,1,0,55.7,NA,41.4,67.3
PAN,2003,0,0,1,0,20.5,93,13.6,24.1
PAN,2003,0,0,1,0,20.5,93,13.6,24.1
PAN,2013,0,0,0,1,15.5,66,10.1,18.1
PAN,2015,0,0,0,1,14.6,58,9.5,17
PAN,2018,0,0,0,1,13.2,NA,8.6,15.4
PER,2001,5,0,1,0,27.2,138,15.2,35.3
PER,2001,5,0,1,0,27.2,138,15.2,35.3
PER,2001,5,0,1,0,27.2,138,15.2,35.3
PER,2002,21,0,0,1,25.2,132,14.3,32.7
PER,2004,13,0,0,1,22,122,12.8,28.3
PER,2005,3,0,1,0,20.6,118,12.2,26.5
PER,2005,3,0,1,0,20.6,118,12.2,26.5
PER,2006,0,0,0,1,19.3,114,11.7,24.9
PER,2007,11,0,1,0,18.2,112,11.1,23.4
PER,2011,29,1,1,0,14.6,102,9.4,18.8
PER,2012,15,0,1,0,13.9,100,9,17.9
PER,2013,0,0,1,0,13.3,98,8.7,17.1
PER,2014,3,0,1,0,12.7,96,8.4,16.4
PER,2016,9,0,1,0,11.7,91,7.8,15
PER,2016,9,0,1,0,11.7,91,7.8,15
PER,2018,7,0,1,0,10.7,NA,7.2,13.8
PER,2019,0,0,1,0,10.3,NA,7,13.3
PHL,2002,792,1,1,0,27.8,160,16.3,36.2
PHL,2002,792,1,0,1,27.8,160,16.3,36.2
PHL,2007,434,1,0,1,25.7,149,15.4,33
PHL,2009,566,1,1,0,25,149,15,32.1
PHL,2011,372,1,1,0,24.5,141,14.7,31.3
PHL,2012,414,1,1,0,24.2,139,14.6,30.9
PHL,2012,414,1,1,0,24.2,139,14.6,30.9
PHL,2012,414,1,1,0,24.2,139,14.6,30.9
PHL,2013,311,1,1,0,23.9,136,14.4,30.5
PHL,2015,484,1,0,1,23.4,127,14.1,29.6
PHL,2016,628,1,1,0,23,124,13.9,29.1
PHL,2017,616,1,1,0,22.6,121,13.6,28.5
PHL,2017,616,1,1,0,22.6,121,13.6,28.5
PHL,2017,616,1,1,0,22.6,121,13.6,28.5
PHL,2019,436,1,1,0,21.5,NA,12.9,27.1
PHL,2019,436,1,1,0,21.5,NA,12.9,27.1
PHL,2019,436,1,1,0,21.5,NA,12.9,27.1
PHL,2019,436,1,1,0,21.5,NA,12.9,27.1
PHL,2019,436,1,0,1,21.5,NA,12.9,27.1
PHL,2019,436,1,1,0,21.5,NA,12.9,27.1
PHL,2019,436,1,1,0,21.5,NA,12.9,27.1
PHL,2019,436,1,1,0,21.5,NA,12.9,27.1
PNG,2000,60,1,1,0,53.6,249,30.2,71.1
PNG,2001,13,0,1,0,52.8,242,29.6,69.9
PNG,2002,65,1,1,0,52.1,234,29.1,68.8
PNG,2002,65,1,1,0,52.1,234,29.1,68.8
PNG,2005,0,0,1,0,49.6,200,27.9,64.9
PNG,2015,0,0,0,1,40.2,151,23.8,51
PNG,2018,0,0,1,0,37.2,NA,22.5,46.8
PNG,2018,0,0,1,0,37.2,NA,22.5,46.8
PNG,2018,0,0,1,0,37.2,NA,22.5,46.8
PNG,2019,0,0,1,0,36.2,NA,22,45.3
POL,2018,0,0,0,1,3.9,NA,2.8,4.5
PRK,2012,0,0,0,1,19.8,96,13.9,25.7
PRK,2015,0,0,0,1,16,91,11.4,21.1
PRK,2017,0,0,0,1,14.4,89,10.3,19
PRK,2019,0,0,0,1,13.1,NA,9.3,17.3
PRT,2004,0,0,0,1,3.9,10,2.6,5
PRY,2005,0,0,0,1,25,174,16.1,30
PRY,2008,0,0,0,1,23.2,158,14.8,27.7
PRY,2009,0,0,0,1,22.6,153,14.4,26.9
PRY,2012,0,0,0,1,20.8,141,13.1,24.6
PRY,2013,0,0,0,1,20.2,138,12.7,23.8
PRY,2016,0,0,0,1,18.4,130,11.6,21.6
ROU,2000,0,0,0,1,18.1,54,10.5,21.6
RUS,2000,6197,1,1,0,15.5,56,9,19.3
RUS,2003,1509,1,0,1,12.9,49,7.3,16.1
RUS,2003,1509,1,1,0,12.9,49,7.3,16.1
RUS,2004,539,1,1,0,12,45,6.8,14.9
RUS,2006,688,1,1,0,10.3,36,6,12.8
RUS,2007,260,1,1,0,9.6,32,5.4,11.9
RUS,2008,182,1,1,0,9,30,4.9,11.2
RUS,2010,697,1,0,1,8.3,25,4.6,10.4
RUS,2012,396,1,0,1,7.9,22,4.7,9.8
RWA,2002,2044,1,1,0,90.3,961,37.3,149.6
RWA,2003,0,0,0,1,81.4,870,34.6,133.5
RWA,2008,0,0,1,0,50.2,427,25.1,76.3
SDN,2011,1790,1,0,1,49.6,390,31.4,73.7
SDN,2015,1912,1,0,1,45.2,320,29.5,65.9
SEN,2002,47,1,0,1,62.3,537,36,115.1
SEN,2011,19,0,0,1,40.7,423,26,62.1
SEN,2014,8,0,0,1,36.2,364,24.2,52.3
SEN,2018,0,0,0,1,30.8,NA,21.8,41.7
SLB,2007,0,0,1,0,23.8,172,11.7,28.4
SLB,2010,0,0,1,0,22.2,141,10.8,26.4
SLB,2013,0,0,1,0,20.5,122,9.8,24.2
SLB,2015,0,0,0,1,19.3,112,9.2,22.7
SLB,2016,0,0,1,0,18.8,108,8.9,22
SLV,2001,0,0,1,0,26,75,14.1,31.3
SLV,2001,0,0,1,0,26,75,14.1,31.3
SLV,2001,0,0,0,1,26,75,14.1,31.3
SLV,2005,0,0,1,0,21.2,62,11.6,25.1
SLV,2006,0,0,1,0,20.2,60,11.1,23.8
SLV,2009,0,0,0,1,17.4,57,9.7,20.4
SLV,2014,0,0,0,1,13.8,49,7.8,16.1
SLV,2018,0,0,0,1,11.9,NA,6.7,13.8
SLV,2018,0,0,1,0,11.9,NA,6.7,13.8
SLV,2019,0,0,1,0,11.5,NA,6.5,13.3
SOM,2004,405,1,1,0,104.4,1080,45.7,172.7
SOM,2004,405,1,0,1,104.4,1080,45.7,172.7
SOM,2005,670,1,0,1,104.4,1040,45.9,172.6
SOM,2008,1620,1,0,1,101.1,1010,45,166.5
SOM,2010,2204,1,0,1,96.2,985,43.6,157.4
SOM,2011,2722,1,0,1,93.8,955,42.9,152.8
SOM,2014,1045,1,0,1,85.9,878,40.8,138.4
SOM,2015,1247,1,0,1,83.6,855,40,134.3
SOM,2019,2500,1,0,1,74.8,NA,37.4,118.3
SRB,2010,0,0,1,0,6.6,12,4.8,7.6
SSD,2009,0,0,0,1,72.4,1170,44.3,114
SSD,2016,1137,1,0,1,63.3,1130,40.4,97.9
SVN,2004,0,0,1,0,3.7,11,2.6,4.4
SWZ,2001,0,0,0,1,69,528,25.2,115.8
SWZ,2007,0,0,0,1,59.3,496,22.4,103.8
SWZ,2016,0,0,0,1,42.6,436,21.8,55.6
SWZ,2019,0,0,0,1,37.7,NA,20.7,48
SYC,2004,0,0,1,0,11.8,55,8.6,13.7
SYR,2008,0,0,0,1,16.2,26,10.2,18.9
TCD,2001,1070,1,0,1,98.2,1410,43.2,180.5
TCD,2009,994,1,0,1,85.8,1270,38.2,151.7
TCD,2012,0,0,0,1,80.6,1190,37.1,139.8
TCD,2017,26,1,0,1,72.4,1140,34.5,121.1
THA,2002,25,1,0,1,17,44,11.2,19.9
THA,2004,26,1,1,0,15.5,46,10.2,18
THA,2005,310,1,0,1,14.8,43,9.7,17.2
THA,2008,518,1,0,1,12.8,43,8.4,14.9
THA,2010,258,1,0,1,11.7,42,7.7,13.6
THA,2011,218,1,1,0,11.2,41,7.3,13
THA,2011,218,1,0,1,11.2,41,7.3,13
THA,2012,277,1,0,1,10.6,39,7,12.4
THA,2014,249,1,1,0,9.7,38,6.4,11.3
THA,2014,249,1,0,1,9.7,38,6.4,11.3
THA,2015,100,1,0,1,9.3,38,6.1,10.8
THA,2019,61,1,0,1,7.7,NA,5.1,9
TJK,2000,4,0,0,1,67.6,53,28.4,83.6
TJK,2000,4,0,1,0,67.6,53,28.4,83.6
TJK,2002,0,0,1,0,58.4,43,26,71
TJK,2002,0,0,1,0,58.4,43,26,71
TJK,2004,0,0,1,0,50.4,33,23.8,60.1
TJK,2006,1,0,1,0,44.1,29,22.5,51.9
TJK,2007,8,0,1,0,41.7,27,22,48.8
TJK,2008,0,0,0,1,39.7,26,21.5,46.3
TJK,2010,17,0,1,0,36.9,23,20.1,42.7
TJK,2011,98,1,1,0,35.8,22,19.2,41.4
TJK,2012,28,1,1,0,35,21,18.3,40.3
TJK,2015,3,0,1,0,32.6,18,16.3,37.5
TJK,2016,0,0,1,0,31.8,17,15.9,36.5
TKM,2000,0,0,1,0,57.5,29,29.6,69.7
TLS,2007,0,0,0,1,58.8,300,27.2,71.6
TLS,2015,0,0,1,0,42.8,160,21.9,50.2
TLS,2016,0,0,0,1,41.4,152,21.4,48.4
TON,2009,0,0,1,0,11.5,61,5.6,13.4
TON,2015,0,0,0,1,10.7,54,5.3,12.4
TTO,2010,0,0,0,1,20.1,71,14.4,22.5
TUR,2000,1195,1,1,0,30.9,42,18.2,37.9
TUR,2000,1195,1,1,0,30.9,42,18.2,37.9
TUR,2001,153,1,1,0,29,41,17.1,35.3
TUR,2001,153,1,1,0,29,41,17.1,35.3
TUR,2002,120,1,1,0,27.1,39,15.9,32.7
TUR,2003,34,1,1,0,25.3,38,14.9,30.4
TUR,2003,34,1,1,0,25.3,38,14.9,30.4
TUR,2003,34,1,1,0,25.3,38,14.9,30.4
TUR,2003,34,1,1,0,25.3,38,14.9,30.4
TUR,2004,150,1,1,0,23.6,35,14,28.2
TUR,2004,150,1,1,0,23.6,35,14,28.2
TUR,2004,150,1,1,0,23.6,35,14,28.2
TUR,2005,221,1,1,0,22,33,13,26.2
TUR,2005,221,1,1,0,22,33,13,26.2
TUR,2005,221,1,1,0,22,33,13,26.2
TUR,2010,138,1,1,0,15.5,24,9,18.1
TUR,2011,231,1,1,0,14.5,23,8.3,16.9
TUR,2011,231,1,1,0,14.5,23,8.3,16.9
TUR,2011,231,1,1,0,14.5,23,8.3,16.9
TUR,2014,23,0,1,0,11.9,19,6.7,13.8
TUR,2017,1558,1,1,0,9.8,17,5.8,11.4
TUR,2019,435,1,1,0,8.6,NA,5.3,10.1
TZA,2000,0,0,1,0,78.9,854,33.7,129.7
TZA,2001,0,0,1,0,74.4,819,32.5,121.9
TZA,2002,37,1,1,0,69.9,788,31.3,114
TZA,2003,0,0,0,1,65.6,763,30.2,106.5
TZA,2004,0,0,0,1,61.9,741,29.1,99.9
TZA,2004,0,0,1,0,61.9,741,29.1,99.9
TZA,2005,0,0,1,0,58.5,721,28.1,93.9
TZA,2006,0,0,0,1,55.8,703,27.4,88.8
TZA,2011,0,0,0,1,45.5,628,24.3,68.4
TZA,2016,0,0,1,0,39.7,539,21.9,56
UGA,2002,212,1,0,1,79.2,537,30.5,131.6
UGA,2005,2004,1,0,1,65.6,491,27.9,107.1
UGA,2008,156,1,0,1,54.5,455,26.1,86.8
UGA,2010,59,1,0,1,49.5,430,25,76.3
UGA,2016,0,0,1,0,37.3,381,21.5,52.4
UKR,2012,0,0,0,1,9.2,24,6.3,10.7
URY,2018,0,0,0,1,6.3,NA,4,7.3
USA,2000,0,0,1,0,7.1,12,4.6,8.4
USA,2000,0,0,0,1,7.1,12,4.6,8.4
USA,2000,0,0,0,1,7.1,12,4.6,8.4
USA,2001,0,0,1,0,7,13,4.6,8.3
USA,2002,2986,1,0,1,6.9,13,4.6,8.2
USA,2003,0,0,1,0,6.9,13,4.6,8.1
USA,2006,0,0,1,0,6.7,14,4.4,7.9
USA,2007,0,0,0,1,6.6,14,4.3,7.7
USA,2008,0,0,1,0,6.5,14,4.3,7.6
USA,2010,0,0,1,0,6.2,15,4.1,7.3
USA,2011,2,0,0,1,6.1,15,4.1,7.2
USA,2012,0,0,0,1,6,16,4.1,7.1
USA,2012,0,0,0,1,6,16,4.1,7.1
USA,2014,0,0,1,0,5.9,16,4,6.9
USA,2014,0,0,0,1,5.9,16,4,6.9
USA,2015,0,0,0,1,5.8,18,3.9,6.8
USA,2016,14,0,1,0,5.7,19,3.8,6.7
USA,2017,0,0,0,1,5.7,19,3.8,6.6
USA,2018,8,0,0,1,5.6,NA,3.7,6.5
USA,2019,0,0,1,0,5.5,NA,3.5,6.4
UZB,2000,50,1,0,1,50.8,41,27.8,60.7
UZB,2011,0,0,1,0,23.4,32,14.3,26.4
VCT,2010,0,0,0,1,17.8,63,12.6,19.8
VEN,2009,27,1,0,1,14.6,119,10.2,17
VNM,2002,0,0,0,1,21.7,62,13.8,27.4
VNM,2005,0,0,0,1,19.9,54,12.6,24.9
VNM,2015,0,0,0,1,17.4,45,11.1,21.8
VNM,2019,0,0,0,1,16.9,NA,10.2,21.1
VUT,2002,0,0,1,0,23.6,128,11.8,28.1
VUT,2002,0,0,1,0,23.6,128,11.8,28.1
WSM,2009,0,0,1,0,18.8,58,7.9,25.7
WSM,2015,0,0,0,1,15.9,45,7.4,18.6
ZAF,2004,0,0,0,1,49.4,195,14.8,77.7
ZAF,2005,0,0,1,0,49.4,201,14.4,78.8
ZAF,2014,0,0,1,0,29.4,128,11,37.6
ZAF,2015,0,0,0,1,28.6,125,11.1,36.3
ZAF,2017,3,0,0,1,27.6,119,11.1,34.6
ZAF,2019,1,0,0,1,26.3,NA,10.8,33
ZMB,2005,0,0,0,1,61.9,421,27.9,106.2
ZMB,2019,0,0,0,1,42.9,NA,24.4,64.1
ZWE,2001,0,0,0,1,51.1,629,25.2,93.8
ZWE,2007,0,0,0,1,54.6,671,30.7,95.7
ZWE,2010,0,0,0,1,52.1,598,30.8,86.4
ZWE,2013,1,0,0,1,44.8,509,28.7,66.3
ZWE,2017,0,0,0,1,39.9,458,27,57
